,solution_id,similarity
0,23,0.9568418860435486
1,7,0.9548124074935913
2,36,0.9541416168212891
3,31,0.952258288860321
4,60,0.9521674513816833
5,192,0.9521442651748657
6,29,0.9516211152076721
7,30,0.9510810971260071
8,83,0.9496713876724243
9,84,0.9478668570518494
